{
  "model_name": "bge-m3-unsupervised",
  "embedding_dim": 1024,
  "dataset": "/app/dataset/uz_news_benchmark.json",
  "num_corpus": 7078,
  "num_queries": 2017,
  "num_with_hard_negatives": 2017,
  "hard_negative_metrics": {
    "triplet_accuracy": 0.9801415650806135,
    "discrimination_rate": 0.9583539910758553,
    "avg_margin": 0.15684858738755494,
    "restricted_mrr": 0.9778135845314823,
    "positive_avg_rank": 3.3946455131383244,
    "hard_neg_avg_rank": 148.26524541398115
  }
}