{
  "model_name": "bge-m3 (ST/MPS)",
  "embedding_dim": 1024,
  "dataset": "dataset/uz_news_benchmark.json",
  "num_corpus": 7078,
  "num_queries": 2017,
  "timestamp": "2026-04-16T20:02:32.250066",
  "metrics": {
    "mrr": 0.8342256839871713,
    "hit_rate@1": 0.7595438770451165,
    "recall@1": 0.7595438770451165,
    "ndcg@1": 0.7595438770451165,
    "hit_rate@3": 0.8943976202280615,
    "recall@3": 0.8943976202280615,
    "ndcg@3": 0.8404726766201602,
    "hit_rate@5": 0.9216658403569657,
    "recall@5": 0.9216658403569657,
    "ndcg@5": 0.8517384615361652,
    "hit_rate@10": 0.9509172037679723,
    "recall@10": 0.9509172037679723,
    "ndcg@10": 0.8613572108129316,
    "avg_latency_ms": 18.05069803913959,
    "corpus_throughput": 45.99257187149646,
    "query_throughput": 196.2695662234514
  }
}