{
  "model_name": "bge-m3",
  "embedding_dim": 1024,
  "dataset": "dataset/uz_news_benchmark.json",
  "num_corpus": 7078,
  "num_queries": 2017,
  "num_with_hard_negatives": 2017,
  "hard_negative_metrics": {
    "triplet_accuracy": 0.9825009830908376,
    "discrimination_rate": 0.9633118492811106,
    "avg_margin": 0.18293816029995932,
    "restricted_mrr": 0.9805404065443728,
    "positive_avg_rank": 4.541398116013882,
    "hard_neg_avg_rank": 158.11700545364403
  }
}