{
  "model_name": "bge-m3",
  "embedding_dim": 1024,
  "dataset": "/app/dataset/uz_news_benchmark.json",
  "num_corpus": 7078,
  "num_queries": 2017,
  "num_with_hard_negatives": 2017,
  "hard_negative_metrics": {
    "triplet_accuracy": 0.9826976012583563,
    "discrimination_rate": 0.9638076351016361,
    "avg_margin": 0.18271270949886645,
    "restricted_mrr": 0.9807882994546355,
    "positive_avg_rank": 4.517600396628656,
    "hard_neg_avg_rank": 157.81110560237977
  }
}