{
  "model_name": "F2LLM-v2-0.6B",
  "embedding_dim": 1024,
  "dataset": "/app/dataset/uz_news_benchmark.json",
  "num_corpus": 7078,
  "num_queries": 2017,
  "num_with_hard_negatives": 2017,
  "hard_negative_metrics": {
    "triplet_accuracy": 0.9225324419976406,
    "discrimination_rate": 0.8468021814576103,
    "avg_margin": 0.15900418111370174,
    "restricted_mrr": 0.9167906131217978,
    "positive_avg_rank": 46.03371343579574,
    "hard_neg_avg_rank": 279.09667823500246
  }
}