{
  "model_name": "F2LLM-v2-0.6B",
  "embedding_dim": 1024,
  "dataset": "dataset/uz_news_benchmark.json",
  "num_corpus": 7078,
  "num_queries": 2017,
  "timestamp": "2026-04-17T12:25:23.093661",
  "metrics": {
    "mrr": 0.551652082719245,
    "hit_rate@1": 0.4521566683192861,
    "recall@1": 0.4521566683192861,
    "ndcg@1": 0.4521566683192861,
    "hit_rate@3": 0.6033713435795737,
    "recall@3": 0.6033713435795737,
    "ndcg@3": 0.541265933933001,
    "hit_rate@5": 0.6648487853247397,
    "recall@5": 0.6648487853247397,
    "ndcg@5": 0.5664609224811461,
    "hit_rate@10": 0.7372335151214675,
    "recall@10": 0.7372335151214675,
    "ndcg@10": 0.5897026095702925,
    "avg_latency_ms": 52.88535954744362,
    "corpus_throughput": 15.892908159943222,
    "query_throughput": 56.59931874555652
  }
}