{
  "model_name": "F2LLM-v2-0.6B",
  "embedding_dim": 1024,
  "dataset": "/app/dataset/uz_news_benchmark.json",
  "num_corpus": 7078,
  "num_queries": 2017,
  "timestamp": "2026-04-17T17:31:09.610793",
  "metrics": {
    "mrr": 0.5499188265485114,
    "hit_rate@1": 0.44918195339613287,
    "recall@1": 0.44918195339613287,
    "ndcg@1": 0.44918195339613287,
    "hit_rate@3": 0.6028755577590481,
    "recall@3": 0.6028755577590481,
    "ndcg@3": 0.5397903360223837,
    "hit_rate@5": 0.6623698562221121,
    "recall@5": 0.6623698562221121,
    "ndcg@5": 0.5641746856361632,
    "hit_rate@10": 0.7397124442240952,
    "recall@10": 0.7397124442240952,
    "ndcg@10": 0.5890878693149606,
    "avg_latency_ms": 5.061242134996894,
    "corpus_throughput": 165.76313905924923,
    "query_throughput": 605.2483599458734
  }
}