{
  "model_name": "granite-embedding-278m-multilingual",
  "embedding_dim": 768,
  "dataset": "/app/dataset/uz_news_benchmark.json",
  "num_corpus": 7078,
  "num_queries": 2017,
  "num_with_hard_negatives": 2017,
  "hard_negative_metrics": {
    "triplet_accuracy": 0.9423908769170272,
    "discrimination_rate": 0.8849776896380763,
    "avg_margin": 0.08067417827406671,
    "restricted_mrr": 0.9376962485539577,
    "positive_avg_rank": 36.8601883986118,
    "hard_neg_avg_rank": 288.46108081308876
  }
}