{
  "model_name": "granite-embedding-107m-multilingual",
  "embedding_dim": 384,
  "dataset": "/app/dataset/uz_news_benchmark.json",
  "num_corpus": 7078,
  "num_queries": 2017,
  "num_with_hard_negatives": 2017,
  "hard_negative_metrics": {
    "triplet_accuracy": 0.9123082972866693,
    "discrimination_rate": 0.8284581060981656,
    "avg_margin": 0.05881961439881635,
    "restricted_mrr": 0.9065030573458925,
    "positive_avg_rank": 97.39018344075359,
    "hard_neg_avg_rank": 449.5116509667823
  }
}