{
  "model_name": "harrier-oss-v1-0.6b",
  "embedding_dim": 1024,
  "dataset": "/app/dataset/uz_news_benchmark.json",
  "num_corpus": 7078,
  "num_queries": 2017,
  "timestamp": "2026-04-17T19:51:00.685404",
  "metrics": {
    "mrr": 0.836746029118589,
    "hit_rate@1": 0.7600396628656421,
    "recall@1": 0.7600396628656421,
    "ndcg@1": 0.7600396628656421,
    "hit_rate@3": 0.8998512642538423,
    "recall@3": 0.8998512642538423,
    "ndcg@3": 0.8431228259667871,
    "hit_rate@5": 0.9335647000495786,
    "recall@5": 0.9335647000495786,
    "ndcg@5": 0.8571209597936882,
    "hit_rate@10": 0.9603371343579573,
    "recall@10": 0.9603371343579573,
    "ndcg@10": 0.8658830706140443,
    "avg_latency_ms": 5.06673281732793,
    "corpus_throughput": 165.7561714004918,
    "query_throughput": 596.6292165324053
  }
}