{
  "model_name": "harrier-oss-v1-0.6b",
  "embedding_dim": 1024,
  "dataset": "dataset/uz_news_benchmark.json",
  "num_corpus": 7078,
  "num_queries": 2017,
  "timestamp": "2026-04-17T12:16:06.175451",
  "metrics": {
    "mrr": 0.7227730285401557,
    "hit_rate@1": 0.6346058502726822,
    "recall@1": 0.6346058502726822,
    "ndcg@1": 0.6346058502726822,
    "hit_rate@3": 0.7843331680713932,
    "recall@3": 0.7843331680713932,
    "ndcg@3": 0.722257392887247,
    "hit_rate@5": 0.8304412493802678,
    "recall@5": 0.8304412493802678,
    "ndcg@5": 0.7411590660969228,
    "hit_rate@10": 0.8869608329201785,
    "recall@10": 0.8869608329201785,
    "ndcg@10": 0.7596401044149489,
    "avg_latency_ms": 52.15735722924805,
    "corpus_throughput": 15.784053955779433,
    "query_throughput": 77.74464743563202
  }
}