{
  "model_name": "jina-embeddings-v5-text-small",
  "embedding_dim": 1024,
  "dataset": "/app/dataset/uz_news_benchmark.json",
  "num_corpus": 7078,
  "num_queries": 2017,
  "timestamp": "2026-04-17T17:15:00.165379",
  "metrics": {
    "mrr": 0.7021915154111736,
    "hit_rate@1": 0.6073376301437778,
    "recall@1": 0.6073376301437778,
    "ndcg@1": 0.6073376301437778,
    "hit_rate@3": 0.7699553792761527,
    "recall@3": 0.7699553792761527,
    "ndcg@3": 0.7031221294231225,
    "hit_rate@5": 0.8125929598413485,
    "recall@5": 0.8125929598413485,
    "ndcg@5": 0.7207681384546696,
    "hit_rate@10": 0.8691125433812593,
    "recall@10": 0.8691125433812593,
    "ndcg@10": 0.7394097975162092,
    "avg_latency_ms": 8.620535832363343,
    "corpus_throughput": 98.20936299749687,
    "query_throughput": 318.47777560298255
  }
}