{
  "model_name": "jina-embeddings-v5-text-small",
  "embedding_dim": 1024,
  "dataset": "dataset/uz_news_benchmark.json",
  "num_corpus": 7078,
  "num_queries": 2017,
  "timestamp": "2026-04-17T11:41:07.653594",
  "metrics": {
    "mrr": 0.7025433756830337,
    "hit_rate@1": 0.6088249876053545,
    "recall@1": 0.6088249876053545,
    "ndcg@1": 0.6088249876053545,
    "hit_rate@3": 0.7689638076351016,
    "recall@3": 0.7689638076351016,
    "ndcg@3": 0.7030454567568556,
    "hit_rate@5": 0.8125929598413485,
    "recall@5": 0.8125929598413485,
    "ndcg@5": 0.721075058061317,
    "hit_rate@10": 0.8691125433812593,
    "recall@10": 0.8691125433812593,
    "ndcg@10": 0.7396296070763861,
    "avg_latency_ms": 59.464903193072345,
    "corpus_throughput": 13.977606993504928,
    "query_throughput": 58.54537747372496
  }
}