{
  "model_name": "KaLM-embedding-multilingual-mini-instruct-v2.5",
  "embedding_dim": 896,
  "dataset": "/app/dataset/uz_news_benchmark.json",
  "num_corpus": 7078,
  "num_queries": 2017,
  "num_with_hard_negatives": 2017,
  "hard_negative_metrics": {
    "triplet_accuracy": 0.9651985843491938,
    "discrimination_rate": 0.9251363411006446,
    "avg_margin": 0.12851205293826082,
    "restricted_mrr": 0.9605023962981325,
    "positive_avg_rank": 25.4873574615766,
    "hard_neg_avg_rank": 303.7228557263262
  }
}