{
  "model_name": "ModernUzBERT",
  "embedding_dim": 768,
  "dataset": "/app/dataset/uz_news_benchmark.json",
  "num_corpus": 7078,
  "num_queries": 2017,
  "num_with_hard_negatives": 2017,
  "hard_negative_metrics": {
    "triplet_accuracy": 0.804168305151396,
    "discrimination_rate": 0.6906296479920674,
    "avg_margin": 0.05485586335916713,
    "restricted_mrr": 0.8177160799867774,
    "positive_avg_rank": 76.75210708973724,
    "hard_neg_avg_rank": 125.60089241447695
  }
}