{
  "model_name": "multilingual-e5-large-instruct",
  "embedding_dim": 1024,
  "dataset": "/app/dataset/uz_news_benchmark.json",
  "num_corpus": 7078,
  "num_queries": 2017,
  "timestamp": "2026-04-17T16:03:02.838836",
  "metrics": {
    "mrr": 0.7326782965883926,
    "hit_rate@1": 0.6365889935547844,
    "recall@1": 0.6365889935547844,
    "ndcg@1": 0.6365889935547844,
    "hit_rate@3": 0.797223599405057,
    "recall@3": 0.797223599405057,
    "ndcg@3": 0.7315766605389947,
    "hit_rate@5": 0.8547347545860189,
    "recall@5": 0.8547347545860189,
    "ndcg@5": 0.7552372799954821,
    "hit_rate@10": 0.9062964799206743,
    "recall@10": 0.9062964799206743,
    "ndcg@10": 0.7719760354448393,
    "avg_latency_ms": 1.4471054363866767,
    "corpus_throughput": 579.9325830398385,
    "query_throughput": 2108.6040400257666
  }
}