{
  "model_name": "multilingual-e5-small",
  "embedding_dim": 384,
  "dataset": "/app/dataset/uz_news_benchmark.json",
  "num_corpus": 7078,
  "num_queries": 2017,
  "timestamp": "2026-04-17T17:25:22.236651",
  "metrics": {
    "mrr": 0.6000405173359925,
    "hit_rate@1": 0.48785324739712443,
    "recall@1": 0.48785324739712443,
    "ndcg@1": 0.48785324739712443,
    "hit_rate@3": 0.6673277144273674,
    "recall@3": 0.6673277144273674,
    "ndcg@3": 0.5936240203927367,
    "hit_rate@5": 0.7317798710956867,
    "recall@5": 0.7317798710956867,
    "ndcg@5": 0.6200132401481633,
    "hit_rate@10": 0.8066435299950422,
    "recall@10": 0.8066435299950422,
    "ndcg@10": 0.644408566824739,
    "avg_latency_ms": 0.6124241532550008,
    "corpus_throughput": 1398.244039312928,
    "query_throughput": 3970.9863517968433
  }
}