{
  "model_name": "multilingual-e5-large-instruct",
  "embedding_dim": 1024,
  "dataset": "dataset/uz_news_benchmark.json",
  "num_corpus": 7078,
  "num_queries": 2017,
  "timestamp": "2026-04-17T11:18:35.999570",
  "metrics": {
    "mrr": 0.8556727507925954,
    "hit_rate@1": 0.7858205255329698,
    "recall@1": 0.7858205255329698,
    "ndcg@1": 0.7858205255329698,
    "hit_rate@3": 0.9117501239464552,
    "recall@3": 0.9117501239464552,
    "ndcg@3": 0.8610539035324767,
    "hit_rate@5": 0.9454635597421914,
    "recall@5": 0.9454635597421914,
    "ndcg@5": 0.8749216741937682,
    "hit_rate@10": 0.9672781358453149,
    "recall@10": 0.9672781358453149,
    "ndcg@10": 0.8820565244574518,
    "avg_latency_ms": 16.602661132486357,
    "corpus_throughput": 52.044754669121524,
    "query_throughput": 134.44096491539136
  }
}