{
  "model_name": "multilingual-e5-base",
  "embedding_dim": 768,
  "dataset": "/app/dataset/uz_news_benchmark.json",
  "num_corpus": 7078,
  "num_queries": 2017,
  "timestamp": "2026-04-17T16:47:52.412831",
  "metrics": {
    "mrr": 0.711560758344547,
    "hit_rate@1": 0.6182449181953397,
    "recall@1": 0.6182449181953397,
    "ndcg@1": 0.6182449181953397,
    "hit_rate@3": 0.7768963807635102,
    "recall@3": 0.7768963807635102,
    "ndcg@3": 0.7112024036936082,
    "hit_rate@5": 0.8259791769955379,
    "recall@5": 0.8259791769955379,
    "ndcg@5": 0.7312983081105653,
    "hit_rate@10": 0.8790282597917699,
    "recall@10": 0.8790282597917699,
    "ndcg@10": 0.7486394454320325,
    "avg_latency_ms": 1.6314691265429553,
    "corpus_throughput": 514.6013360466484,
    "query_throughput": 1860.9155448737692
  }
}