{
  "model_name": "multilingual-e5-large-instruct",
  "embedding_dim": 1024,
  "dataset": "/app/dataset/uz_news_benchmark.json",
  "num_corpus": 7078,
  "num_queries": 2017,
  "num_with_hard_negatives": 2017,
  "hard_negative_metrics": {
    "triplet_accuracy": 0.9720802202123476,
    "discrimination_rate": 0.9414972731779871,
    "avg_margin": 0.03823736710423104,
    "restricted_mrr": 0.9688894397620226,
    "positive_avg_rank": 9.044620723847299,
    "hard_neg_avg_rank": 221.31730292513635
  }
}