{
  "model_name": "multilingual-e5-base",
  "embedding_dim": 768,
  "dataset": "/app/dataset/uz_news_benchmark.json",
  "num_corpus": 7078,
  "num_queries": 2017,
  "num_with_hard_negatives": 2017,
  "hard_negative_metrics": {
    "triplet_accuracy": 0.9760125835627212,
    "discrimination_rate": 0.9509172037679723,
    "avg_margin": 0.04565760299718551,
    "restricted_mrr": 0.9735994050570149,
    "positive_avg_rank": 12.773921665840357,
    "hard_neg_avg_rank": 386.1487357461577
  }
}