{
  "model_name": "Octen-Embedding-0.6B",
  "embedding_dim": 1024,
  "dataset": "dataset/uz_news_benchmark.json",
  "num_corpus": 7078,
  "num_queries": 2017,
  "timestamp": "2026-04-17T11:50:44.954254",
  "metrics": {
    "mrr": 0.6041902489701882,
    "hit_rate@1": 0.5057015369360436,
    "recall@1": 0.5057015369360436,
    "ndcg@1": 0.5057015369360436,
    "hit_rate@3": 0.6618740704015865,
    "recall@3": 0.6618740704015865,
    "ndcg@3": 0.5974195578829976,
    "hit_rate@5": 0.7228557263262271,
    "recall@5": 0.7228557263262271,
    "ndcg@5": 0.6227703854029756,
    "hit_rate@10": 0.7878036688150719,
    "recall@10": 0.7878036688150719,
    "ndcg@10": 0.6438544233789589,
    "avg_latency_ms": 54.05746528774424,
    "corpus_throughput": 15.578432708882916,
    "query_throughput": 54.06556405904637
  }
}