{
  "model_name": "Octen-Embedding-0.6B",
  "embedding_dim": 1024,
  "dataset": "/app/dataset/uz_news_benchmark.json",
  "num_corpus": 7078,
  "num_queries": 2017,
  "timestamp": "2026-04-17T17:23:34.410648",
  "metrics": {
    "mrr": 0.6032183080309519,
    "hit_rate@1": 0.5027268220128904,
    "recall@1": 0.5027268220128904,
    "ndcg@1": 0.5027268220128904,
    "hit_rate@3": 0.6618740704015865,
    "recall@3": 0.6618740704015865,
    "ndcg@3": 0.5965813315744775,
    "hit_rate@5": 0.7263262270699058,
    "recall@5": 0.7263262270699058,
    "ndcg@5": 0.6232530048553898,
    "hit_rate@10": 0.7863163113534953,
    "recall@10": 0.7863163113534953,
    "ndcg@10": 0.6427502665238436,
    "avg_latency_ms": 5.203772272859352,
    "corpus_throughput": 161.4306954785083,
    "query_throughput": 579.1204204758532
  }
}