{
  "model_name": "paraphrase-multilingual-mpnet-base-v2",
  "embedding_dim": 768,
  "dataset": "/app/dataset/uz_news_benchmark.json",
  "num_corpus": 7078,
  "num_queries": 2017,
  "num_with_hard_negatives": 2017,
  "hard_negative_metrics": {
    "triplet_accuracy": 0.8857648446716476,
    "discrimination_rate": 0.7987109568666336,
    "avg_margin": 0.12888672621343533,
    "restricted_mrr": 0.886051892249214,
    "positive_avg_rank": 140.66633614278632,
    "hard_neg_avg_rank": 502.89836390679227
  }
}