{
  "model_name": "paraphrase-multilingual-mpnet-base-v2",
  "embedding_dim": 768,
  "dataset": "/app/dataset/uz_news_benchmark.json",
  "num_corpus": 7078,
  "num_queries": 2017,
  "timestamp": "2026-04-17T17:48:07.271025",
  "metrics": {
    "mrr": 0.3826853596864146,
    "hit_rate@1": 0.29796727813584534,
    "recall@1": 0.29796727813584534,
    "ndcg@1": 0.29796727813584534,
    "hit_rate@3": 0.41298958849776896,
    "recall@3": 0.41298958849776896,
    "ndcg@3": 0.3651504874973458,
    "hit_rate@5": 0.4670302429350521,
    "recall@5": 0.4670302429350521,
    "ndcg@5": 0.3875554427757025,
    "hit_rate@10": 0.5537927615270203,
    "recall@10": 0.5537927615270203,
    "ndcg@10": 0.4155897854512654,
    "avg_latency_ms": 1.0622935596937462,
    "corpus_throughput": 820.7965996919119,
    "query_throughput": 1942.7297247509264
  }
}