{
  "model_name": "paraphrase-multilingual",
  "embedding_dim": 768,
  "dataset": "dataset/uz_news_benchmark.json",
  "num_corpus": 7078,
  "num_queries": 2017,
  "num_with_hard_negatives": 2017,
  "hard_negative_metrics": {
    "triplet_accuracy": 0.8859614628391663,
    "discrimination_rate": 0.7992067426871592,
    "avg_margin": 0.12883615963637504,
    "restricted_mrr": 0.8862997851594778,
    "positive_avg_rank": 140.56073376301438,
    "hard_neg_avg_rank": 502.1115518096182
  }
}