{
  "model_name": "Qwen3-Embedding-0.6B",
  "embedding_dim": 1024,
  "dataset": "/app/dataset/uz_news_benchmark.json",
  "num_corpus": 7078,
  "num_queries": 2017,
  "timestamp": "2026-04-17T17:36:53.935392",
  "metrics": {
    "mrr": 0.5276071442269752,
    "hit_rate@1": 0.43232523549826474,
    "recall@1": 0.43232523549826474,
    "ndcg@1": 0.43232523549826474,
    "hit_rate@3": 0.579573624194348,
    "recall@3": 0.579573624194348,
    "ndcg@3": 0.5182180086390696,
    "hit_rate@5": 0.639067922657412,
    "recall@5": 0.639067922657412,
    "ndcg@5": 0.5428630845840667,
    "hit_rate@10": 0.7079821517104611,
    "recall@10": 0.7079821517104611,
    "ndcg@10": 0.5650153003508069,
    "avg_latency_ms": 5.0982758711046605,
    "corpus_throughput": 161.58198417057847,
    "query_throughput": 786.5293747126956
  }
}