{
  "model_name": "Qwen3-Embedding-0.6B",
  "embedding_dim": 1024,
  "dataset": "dataset/uz_news_benchmark.json",
  "num_corpus": 7078,
  "num_queries": 2017,
  "timestamp": "2026-04-16T20:14:01.900031",
  "metrics": {
    "mrr": 0.5271803152028347,
    "hit_rate@1": 0.4298463063956371,
    "recall@1": 0.4298463063956371,
    "ndcg@1": 0.4298463063956371,
    "hit_rate@3": 0.5820525532969757,
    "recall@3": 0.5820525532969757,
    "ndcg@3": 0.5189969660227383,
    "hit_rate@5": 0.639067922657412,
    "recall@5": 0.639067922657412,
    "ndcg@5": 0.5425744253141075,
    "hit_rate@10": 0.7074863658899355,
    "recall@10": 0.7074863658899355,
    "ndcg@10": 0.564564397747383,
    "avg_latency_ms": 52.93215771951703,
    "corpus_throughput": 15.565759983688611,
    "query_throughput": 75.53746396419888
  }
}