{
  "model_name": "snowflake-arctic-embed-l-v2.0",
  "embedding_dim": 1024,
  "dataset": "/app/dataset/uz_news_benchmark.json",
  "num_corpus": 7078,
  "num_queries": 2017,
  "num_with_hard_negatives": 2017,
  "hard_negative_metrics": {
    "triplet_accuracy": 0.9343295320487613,
    "discrimination_rate": 0.8750619732275657,
    "avg_margin": 0.13811146252570203,
    "restricted_mrr": 0.9312510328871257,
    "positive_avg_rank": 16.816559246405554,
    "hard_neg_avg_rank": 111.44174516608825
  }
}