{
  "model_name": "snowflake-arctic-embed-l-v2.0",
  "embedding_dim": 1024,
  "dataset": "/app/dataset/uz_news_benchmark.json",
  "num_corpus": 7078,
  "num_queries": 2017,
  "timestamp": "2026-04-17T16:59:00.143445",
  "metrics": {
    "mrr": 0.6719704260139334,
    "hit_rate@1": 0.5770946950917204,
    "recall@1": 0.5770946950917204,
    "ndcg@1": 0.5770946950917204,
    "hit_rate@3": 0.7297967278135845,
    "recall@3": 0.7297967278135845,
    "ndcg@3": 0.6662985082831687,
    "hit_rate@5": 0.7838373822508676,
    "recall@5": 0.7838373822508676,
    "ndcg@5": 0.6886165547844536,
    "hit_rate@10": 0.8582052553296976,
    "recall@10": 0.8582052553296976,
    "ndcg@10": 0.7128366346865196,
    "avg_latency_ms": 5.21397190337459,
    "corpus_throughput": 159.88895380213353,
    "query_throughput": 639.7385276110822
  }
}